customerID,Partner,Dependents,PhoneService,MultipleLines,InternetService,OnlineSecurity,OnlineBackup,DeviceProtection,TechSupport,StreamingTV,StreamingMovies,Contract,PaperlessBilling,PaymentMethod,Churn
0002-ORFBO,1,1,1,0,1,0,1,0,1,1,0,1,1,0,0
0003-MKNFE,0,0,1,1,1,0,0,0,0,0,1,0,0,0,0
0004-TLHLJ,0,0,1,0,1,0,0,1,0,0,0,0,1,0,1
0011-IGKFF,1,0,1,0,1,0,1,1,0,1,1,0,1,0,1
0013-EXCHZ,1,0,1,0,1,0,0,0,1,1,0,0,1,0,1
0013-MHZWF,0,1,1,0,1,0,0,0,1,1,1,0,1,0,0
0013-SMEOE,1,0,1,0,1,1,1,1,1,1,1,1,1,0,0
0014-BMAQU,1,0,1,1,1,1,0,0,1,0,0,1,1,0,0
0015-UOCOJ,0,0,1,0,1,1,0,0,0,0,0,0,1,0,0
0016-QLJIS,1,1,1,1,1,1,1,1,1,1,1,1,1,0,0
0017-DINOC,0,0,0,0,1,1,0,0,1,1,0,1,0,0,0
0017-IUDMW,1,1,1,1,1,1,1,1,1,1,1,1,1,0,0
0018-NYROU,1,0,1,0,1,0,0,0,0,0,0,0,1,0,0
0019-EFAEP,0,0,1,1,1,1,1,1,0,1,0,1,1,0,0
0019-GFNTW,0,0,0,0,1,1,1,1,1,0,0,1,0,0,0
0020-INWCK,1,1,1,1,1,0,1,1,0,0,1,1,1,0,0
0020-JDNXP,1,1,0,0,1,1,0,1,1,1,1,1,0,0,0
0021-IKXGC,0,0,1,1,1,0,0,0,0,0,0,0,1,0,0
0022-TCJCI,0,0,1,0,1,1,0,1,0,0,1,1,0,0,1
0023-HGHWL,0,0,0,0,1,0,0,0,0,0,0,0,1,0,1
0023-UYUPN,1,0,1,1,0,0,0,0,0,0,0,1,0,0,0
0023-XUOPT,1,0,1,1,1,0,1,1,0,1,0,0,0,0,1
0027-KWYKW,1,1,1,1,1,0,0,0,0,1,0,0,1,0,0
0030-FNXPP,0,0,1,0,0,0,0,0,0,0,0,0,0,0,0
0031-PVLZI,1,1,1,0,0,0,0,0,0,0,0,0,0,0,1
0032-PGELS,1,1,0,0,1,1,0,0,0,0,0,0,0,0,1
0036-IHMOT,1,1,1,0,1,0,1,1,1,1,1,1,1,0,0
0040-HALCW,1,1,1,0,0,0,0,0,0,0,0,1,0,0,0
0042-JVWOJ,0,0,1,0,0,0,0,0,0,0,0,1,1,0,0
0042-RLHYP,1,1,1,0,0,0,0,0,0,0,0,1,0,0,0
0048-LUMLS,1,1,1,0,1,0,0,0,0,1,1,1,0,0,0
0048-PIHNL,1,0,1,0,0,0,0,0,0,0,0,1,0,0,0
0052-DCKON,1,0,1,1,1,1,1,1,1,1,1,1,0,0,0
0052-YNYOT,0,0,1,0,0,0,0,0,0,0,0,1,0,0,0
0056-EPFBG,1,1,0,0,1,1,0,1,1,0,0,1,1,0,0
0057-QBUQH,0,1,1,1,0,0,0,0,0,0,0,1,1,0,0
0058-EVZWM,1,0,1,1,1,1,0,0,0,1,0,0,1,0,0
0060-FUALY,1,0,1,1,1,1,1,0,0,1,0,0,1,0,0
0064-SUDOG,1,1,1,0,0,0,0,0,0,0,0,1,0,0,0
0064-YIJGF,1,1,1,1,1,0,0,0,0,0,0,0,1,0,0
0067-DKWBL,0,0,1,0,1,1,0,0,0,0,0,0,1,0,1
0068-FIGTF,0,0,1,0,1,0,1,1,1,1,1,1,0,0,0
0071-NDAFP,1,1,1,1,0,0,0,0,0,0,0,1,0,0,0
0074-HDKDG,1,1,1,0,1,1,1,1,0,0,0,1,1,0,0
0076-LVEPS,0,1,0,0,1,1,1,1,1,0,0,0,1,0,0
0078-XZMHT,1,0,1,1,1,0,1,1,1,1,1,1,1,0,0
0080-EMYVY,0,0,1,0,1,0,1,0,0,0,0,1,0,0,0
0080-OROZO,0,0,1,0,1,0,0,1,1,1,1,1,1,0,0
0082-LDZUE,0,0,1,0,1,0,0,0,0,0,0,0,1,0,0
0082-OQIQY,0,0,1,0,1,0,0,0,1,1,1,0,1,0,0
0083-PIVIK,0,0,1,1,1,1,1,1,1,1,0,1,0,0,0
0089-IIQKO,1,1,1,1,1,0,0,0,1,1,1,0,1,0,0
0093-EXYQL,0,0,1,0,1,0,0,0,0,1,1,0,1,0,0
0093-XWZFY,0,0,1,1,1,0,1,1,0,1,1,0,1,0,1
0094-OIFMO,0,0,1,0,1,0,1,0,0,1,1,0,1,0,1
0096-BXERS,1,0,1,1,1,0,0,0,0,0,0,0,0,0,0
0096-FCPUF,0,0,1,1,1,1,0,0,0,0,1,0,1,0,0
0098-BOWSO,0,0,1,0,0,0,0,0,0,0,0,0,1,0,0
0100-DUVFC,1,0,1,1,1,0,1,1,0,1,1,1,1,0,0
0103-CSITQ,1,0,1,1,1,0,1,1,1,1,1,1,1,0,0
0104-PPXDV,1,0,1,0,1,0,0,1,0,0,0,1,0,0,0
0106-GHRQR,0,0,1,1,1,0,1,1,0,0,1,0,1,0,0
0106-UGRDO,1,0,1,1,1,1,1,1,1,1,1,1,1,0,0
0107-WESLM,0,0,1,0,0,0,0,0,0,0,0,0,1,0,1
0107-YHINA,0,1,1,1,1,0,0,1,0,1,1,0,1,0,1
0111-KLBQG,1,1,1,0,1,0,1,0,0,1,1,0,1,0,0
0112-QAWRZ,1,1,1,1,1,0,0,1,0,1,0,0,1,0,0
0112-QWPNC,1,0,1,1,1,1,0,1,1,1,1,1,0,0,1
0114-IGABW,1,0,0,0,1,0,1,1,1,1,1,1,0,0,0
0114-PEGZZ,0,0,1,1,1,0,1,1,0,1,1,0,0,0,0
0114-RSRRW,1,0,1,0,0,0,0,0,0,0,0,0,1,0,0
0115-TFERT,1,0,1,1,1,0,1,1,1,1,1,0,1,0,1
0117-LFRMW,1,1,0,0,1,1,1,1,0,0,0,0,0,0,1
0118-JPNOY,0,0,1,0,1,1,0,0,0,1,0,0,1,0,0
0121-SNYRK,0,0,0,0,1,1,0,0,1,0,0,1,1,0,0
0122-OAHPZ,0,0,1,1,1,0,0,0,0,0,0,0,1,0,1
0123-CRBRT,1,1,1,1,1,1,1,1,1,1,1,1,0,0,0
0125-LZQXK,0,0,1,0,1,0,0,1,1,1,1,0,1,0,1
0128-MKWSG,0,1,0,0,1,1,0,0,1,0,1,0,0,0,0
0129-KPTWJ,1,0,1,0,1,0,0,1,0,1,1,0,1,0,0
0129-QMPDR,1,1,1,0,0,0,0,0,0,0,0,1,1,0,0
0130-SXOUN,0,0,1,1,1,0,1,0,0,0,1,0,0,0,0
0133-BMFZO,0,0,1,0,1,1,1,0,1,0,0,0,1,0,1
0134-XWXCE,0,0,1,0,1,0,0,1,1,1,1,1,0,0,0
0135-NMXAP,0,0,1,1,1,0,1,0,0,1,0,0,1,0,1
0136-IFMYD,1,0,1,1,1,0,1,1,1,1,1,1,1,0,0
0137-OCGAB,0,0,1,1,1,0,1,0,0,0,0,0,1,0,1
0137-UDEUO,0,0,1,0,0,0,0,0,0,0,0,0,0,0,1
0139-IVFJG,1,0,1,0,1,1,1,0,0,1,0,0,0,0,0
0141-YEAYS,0,0,1,1,1,0,1,1,0,0,0,0,1,0,0
0142-GVYSN,0,0,1,0,0,0,0,0,0,0,0,0,1,0,0
0147-ESWWR,1,0,1,1,1,0,0,0,1,1,1,0,1,0,0
0148-DCDOS,0,0,1,1,1,0,0,0,0,1,1,0,1,0,1
0151-ONTOV,0,0,1,0,1,0,0,0,0,0,0,0,0,0,1
0156-FVPTA,1,0,1,0,1,1,0,0,1,0,0,0,1,0,1
0164-APGRB,0,0,1,1,1,1,1,1,1,1,1,1,1,0,0
0164-XAIRP,0,0,1,0,0,0,0,0,0,0,0,1,1,0,0
0168-XZKBB,1,0,1,1,1,0,0,0,0,1,0,0,1,0,0
0174-QRVVY,1,1,1,1,0,0,0,0,0,0,0,1,0,0,0
0177-PXBAT,1,0,1,1,1,1,0,1,1,1,1,0,1,0,0
0178-CIIKR,0,0,1,0,0,0,0,0,0,0,0,0,0,0,0
0178-SZBHO,1,1,1,1,1,0,1,0,0,1,0,0,0,0,0
0181-RITDD,1,1,1,0,1,1,1,1,1,1,1,1,0,0,0
0186-CAERR,0,0,1,1,1,1,1,1,1,1,1,1,1,0,0
0187-QSXOE,1,0,1,0,1,0,0,0,0,1,1,0,1,0,0
0187-WZNAB,1,1,1,0,1,1,0,0,0,0,0,0,0,0,0
0188-GWFLE,0,0,1,0,0,0,0,0,0,0,0,0,0,0,0
0191-EQUUH,0,1,0,0,1,1,0,0,1,0,0,1,0,0,0
0191-ZHSKZ,0,0,1,0,1,1,1,0,0,1,1,0,1,0,0
0193-ESZXP,1,0,1,0,1,1,1,0,1,1,1,1,1,0,1
0195-IESCP,1,0,1,1,1,0,0,0,0,0,1,0,1,0,1
0196-JTUQI,0,0,1,1,1,0,0,0,0,0,0,0,1,0,0
0196-VULGZ,1,0,1,1,1,0,0,0,0,0,1,0,1,0,1
0197-PNKNK,1,1,1,1,1,1,0,1,0,0,0,1,0,0,0
0201-MIBOL,0,0,1,1,1,1,0,0,0,1,1,1,1,0,0
0201-OAMXR,0,0,1,1,1,1,1,1,1,1,1,1,0,0,1
0203-HHYIJ,0,0,1,1,0,0,0,0,0,0,0,1,0,0,1
0206-OYVOC,1,1,1,0,0,0,0,0,0,0,0,1,1,0,0
0206-TBWLC,1,0,1,1,1,1,1,1,1,1,1,1,1,0,0
0207-MDKNV,0,0,1,0,1,1,0,1,1,1,1,0,0,0,1
0208-BPQEJ,1,1,1,0,0,0,0,0,0,0,0,0,0,0,0
0212-ISBBF,0,0,0,0,1,0,1,0,0,1,1,0,1,0,0
0214-JHPFW,1,0,0,0,1,0,1,1,1,1,1,1,0,0,0
0215-BQKGS,0,0,1,0,1,1,1,1,0,0,0,0,1,0,0
0218-QNVAS,1,1,1,1,1,0,1,0,0,1,1,1,0,0,0
0219-QAERP,1,0,1,0,0,0,0,0,0,0,0,1,0,0,0
0219-YTZUE,1,1,1,1,1,0,1,1,0,0,0,0,1,0,1
0220-EBGCE,0,0,1,0,1,0,0,1,0,0,1,0,1,0,1
0221-NAUXK,0,1,1,0,0,0,0,0,0,0,0,1,1,0,0
0221-WMXNQ,0,0,1,0,1,1,0,0,0,0,0,0,0,0,0
0222-CNVPT,0,0,0,0,1,1,0,0,0,1,1,0,1,0,0
0224-HJAPT,0,0,1,1,1,0,0,0,0,0,0,0,0,0,1
0224-NIJLP,1,1,1,0,0,0,0,0,0,0,0,1,0,0,0
0224-RLWWD,0,0,1,0,1,0,0,0,0,0,0,0,1,0,0
0225-ZORZP,0,0,1,0,1,0,1,0,0,0,1,0,0,0,0
0228-MAUWC,0,0,1,1,1,0,0,1,1,0,0,0,0,0,0
0229-LFJAF,0,0,1,1,1,1,1,1,1,0,0,1,0,0,0
0230-UBYPQ,1,0,0,0,1,1,0,0,1,0,0,1,0,0,0
0230-WEQUW,1,0,0,0,1,1,1,1,1,1,0,1,1,0,0
0231-LXVAP,0,0,1,0,1,0,0,0,1,0,0,0,1,0,1
0233-FTHAV,0,0,1,1,1,0,0,1,0,0,0,1,1,0,0
0234-TEVTT,1,1,0,0,1,1,0,1,0,0,1,1,0,0,0
0235-KGSLC,0,0,1,0,1,0,0,1,0,1,0,0,1,0,1
0236-HFWSV,0,0,1,1,1,0,0,0,0,1,1,0,1,0,1
0237-YFUTL,1,0,1,1,1,1,1,0,1,1,1,0,1,0,0
0238-WHBIQ,1,1,1,1,1,1,1,1,1,1,1,1,0,0,0
0239-OXEXL,0,0,1,1,1,1,1,0,0,0,0,0,0,0,0
0244-LGNFY,1,1,1,1,1,1,1,1,1,1,1,1,0,0,0
0247-SLUJI,1,1,1,0,0,0,0,0,0,0,0,0,0,0,0
0248-IPDFW,0,0,1,1,1,0,0,0,0,0,0,0,1,0,0
0248-PGHBZ,0,0,1,0,1,1,1,0,1,1,0,1,1,0,0
0253-ZTEOB,1,1,1,1,1,0,1,0,1,1,1,1,0,0,0
0254-FNMCI,0,0,1,0,1,1,1,1,1,1,1,1,1,0,0
0254-KCJGT,1,0,1,1,1,1,1,1,1,0,1,1,1,0,0
0254-WWRKD,1,1,1,0,1,0,1,0,0,0,0,1,0,0,0
0256-LTHVJ,1,1,1,0,1,0,0,0,0,0,1,0,1,0,1
0257-KXZGU,1,1,1,1,1,0,1,1,0,0,0,0,0,0,0
0257-ZESQC,1,0,1,0,1,1,0,0,0,0,0,0,1,0,1
0258-NOKBL,0,0,1,0,1,0,1,1,0,0,1,0,0,0,0
0259-GBZSH,0,0,1,1,1,0,0,0,0,1,0,0,1,0,1
0260-ZDLGK,0,1,1,0,1,0,0,1,1,1,1,0,1,0,1
0263-FJTQO,1,1,1,1,1,1,0,0,1,1,0,1,1,0,0
0264-CNITK,1,1,1,0,0,0,0,0,0,0,0,1,0,0,0
0265-EDXBD,1,0,1,1,1,0,0,0,0,0,0,0,1,0,1
0265-PSUAE,1,1,1,0,1,1,0,1,0,1,1,0,0,0,0
0266-CLZKZ,1,1,1,1,1,0,0,1,1,1,1,1,1,0,0
0266-GMEAO,1,1,1,1,1,1,1,1,1,1,1,1,1,0,0
0268-QKIWO,0,0,1,0,0,0,0,0,0,0,0,0,0,0,1
0269-XFESX,1,1,1,1,0,0,0,0,0,0,0,1,0,0,0
0270-THENM,1,1,1,1,1,1,1,1,1,0,0,1,0,0,0
0274-JKUJR,1,1,0,0,1,1,1,1,0,1,1,0,0,0,0
0277-BKSQP,1,1,1,0,1,0,0,0,0,1,0,0,1,0,0
0277-ORXQS,1,1,0,0,1,0,0,0,1,1,1,1,0,0,0
0278-YXOOG,0,0,1,0,0,0,0,0,0,0,0,0,0,0,1
0280-XJGEX,0,0,1,1,1,0,1,1,0,1,1,0,1,0,1
0281-CNTZX,1,0,1,0,0,0,0,0,0,0,0,1,1,0,0
0282-NVSJS,1,1,0,0,1,0,0,0,1,0,0,0,1,0,0
0285-INHLN,1,1,1,0,1,1,1,0,0,0,0,0,1,0,0
0289-IVARM,0,0,1,0,1,1,1,1,0,0,0,0,0,0,0
0292-WEGCH,1,1,1,1,1,0,1,1,1,1,1,0,1,0,0
0295-PPHDO,0,0,1,1,1,0,0,0,0,1,1,0,1,0,1
0295-QVKPB,0,0,1,0,1,0,0,1,1,1,0,0,1,0,0
0297-RBCSG,0,0,1,0,1,0,1,0,1,0,1,1,1,0,0
0298-XACET,1,1,0,0,1,0,1,1,1,1,0,1,0,0,0
0301-FIDRB,1,1,0,0,1,1,1,1,1,1,1,1,1,0,0
0301-KOBTQ,0,0,1,0,0,0,0,0,0,0,0,1,1,0,0
0302-JOIVN,1,0,1,0,1,0,1,1,0,1,1,0,0,0,1
0303-UNCIP,0,0,1,1,1,0,0,1,0,0,1,1,0,0,0
0303-WMMRN,0,0,1,0,0,0,0,0,0,0,0,0,1,0,0
0305-SQECB,0,1,0,0,1,1,0,0,1,0,0,1,1,0,0
0306-JAELE,0,0,1,0,1,0,0,0,1,1,1,0,1,0,1
0307-BCOPK,0,0,1,0,0,0,0,0,0,0,0,1,0,0,0
0308-GIQJT,0,0,1,1,1,0,1,0,1,1,1,1,0,0,0
0308-IVGOK,0,0,0,0,1,0,1,1,1,0,0,1,1,0,0
0310-MVLET,1,1,1,1,1,0,1,0,0,1,1,0,1,0,1
0310-SUCIN,1,0,1,0,1,1,1,1,1,1,1,1,1,0,0
0310-VQXAM,0,0,1,0,0,0,0,0,0,0,0,0,0,0,0
0311-QYWSS,0,0,1,0,1,1,0,0,0,0,0,0,1,0,0
0311-UNPFF,0,0,1,0,1,0,0,0,0,1,1,0,1,0,1
0314-TKOSI,0,0,1,0,1,1,1,0,0,0,0,0,0,0,0
0315-LVCRK,0,0,1,0,1,0,0,1,0,0,1,0,0,0,0
0318-QUUOB,1,0,1,0,1,0,0,0,0,1,0,0,1,0,1
0318-ZOPWS,1,0,1,0,0,0,0,0,0,0,0,1,1,0,0
0319-QZTCO,1,1,1,0,1,0,1,0,0,1,0,0,1,0,0
0320-DWVTU,0,0,1,0,1,1,1,1,1,0,1,1,0,0,0
0320-JDNQG,1,1,1,0,1,1,0,0,1,1,1,0,1,0,1
0322-CHQRU,0,0,1,0,1,0,0,0,0,0,0,0,0,0,1
0322-YINQP,0,0,1,0,1,1,0,0,0,0,0,0,1,0,1
0323-XWWTN,0,1,1,1,0,0,0,0,0,0,0,1,1,0,0
0324-BRPCJ,1,0,1,1,1,0,1,0,0,1,1,0,1,0,1
0325-XBFAC,0,0,1,0,1,0,0,1,0,1,1,0,1,0,1
0326-VDYXE,1,0,1,1,1,0,0,1,0,1,1,1,1,0,0
0327-WFZSY,1,1,1,1,1,0,0,1,0,1,1,1,0,0,0
0328-GRPMV,0,0,1,0,1,0,0,0,0,0,0,0,1,0,1
0329-GTIAJ,0,0,1,0,1,0,1,0,1,1,1,0,1,0,1
0330-BGYZE,1,0,1,1,1,0,1,1,0,1,1,1,0,0,0
0330-IVZHA,1,0,1,0,1,0,0,0,0,0,0,0,0,0,1
0334-GDDSO,0,0,1,1,1,0,1,0,0,0,0,0,1,0,1
0334-ZFJSR,1,0,1,1,1,1,1,0,1,0,0,1,1,0,0
0336-KXKFK,0,0,0,0,1,1,0,1,1,1,1,1,1,0,0
0336-PIKEI,1,0,1,0,1,1,1,1,1,1,0,1,0,0,0
0337-CNPZE,0,0,1,1,1,0,1,1,0,1,1,0,1,0,1
0343-QLUZP,0,0,0,0,1,1,1,1,0,0,0,1,0,0,0
0345-HKJVM,0,0,1,0,1,0,0,0,0,1,1,0,0,0,1
0345-XMMUG,1,0,1,1,1,0,1,1,1,1,1,1,1,0,0
0347-UBKUZ,0,0,1,0,0,0,0,0,0,0,0,0,0,0,0
0348-SDKOL,1,0,1,1,1,0,0,1,1,1,1,0,1,0,1
0354-VXMJC,1,1,1,0,0,0,0,0,0,0,0,1,0,0,0
0354-WYROK,1,1,1,0,1,0,0,1,1,1,1,0,1,0,1
0356-ERHVT,1,0,1,0,1,0,0,0,0,0,0,0,1,0,0
0356-OBMAC,0,0,1,1,1,0,1,1,1,1,0,1,1,0,0
0357-NVCRI,0,1,1,0,0,0,0,0,0,0,0,0,0,0,0
0361-HJRDX,0,0,0,0,1,1,1,1,1,1,1,1,0,0,0
0362-RAOQO,0,0,1,0,0,0,0,0,0,0,0,1,0,0,0
0362-ZBZWJ,0,0,1,1,1,0,0,0,0,0,1,0,1,0,1
0363-QJVFX,0,0,1,1,1,1,1,0,1,1,1,0,1,0,1
0363-SVHYR,1,1,1,1,1,1,1,1,1,1,1,1,0,0,0
0365-BZUWY,1,0,1,1,1,0,1,1,0,1,1,0,1,0,0
0365-GXEZS,1,0,1,0,1,0,0,1,1,0,0,0,0,0,0
0365-TRTPY,0,0,1,1,1,1,1,1,0,0,0,0,0,0,0
0366-NQSHS,0,0,1,0,0,0,0,0,0,0,0,0,0,0,0
0369-ZGOVK,1,1,1,0,1,0,0,0,0,0,0,1,1,0,0
0373-AIVNJ,0,0,0,0,1,1,1,1,0,0,0,1,0,0,0
0374-AACSZ,0,0,1,0,1,1,0,0,0,0,0,0,0,0,0
0374-FIUCA,1,0,1,0,0,0,0,0,0,0,0,1,1,0,0
0374-IOEGQ,0,0,1,0,1,0,0,0,0,0,0,0,0,0,0
0375-HVGXO,0,0,0,0,1,0,0,0,0,1,0,0,1,0,1
0376-OIWME,1,0,1,0,1,1,0,0,0,1,1,0,1,0,0
0376-YMCJC,0,0,1,1,1,0,0,0,1,1,0,0,1,0,1
0377-JBKKT,1,1,1,0,1,1,1,0,1,0,0,0,1,0,0
0378-CJKPV,1,0,1,1,1,1,1,1,1,1,1,1,0,0,0
0378-NHQXU,1,1,1,1,1,0,0,1,0,1,0,0,0,0,1
0378-TOVMS,0,0,1,0,1,0,0,0,1,0,1,0,0,0,1
0378-XSZPU,1,0,1,0,1,1,1,1,0,0,0,1,0,0,1
0379-DJQHR,1,1,1,0,1,1,1,1,0,1,1,1,0,0,0
0380-NEAVX,0,0,1,0,1,0,1,1,0,1,1,1,1,0,0
0380-ZCSBI,0,0,1,0,0,0,0,0,0,0,0,0,0,0,0
0383-CLDDA,0,0,1,1,1,1,0,1,1,1,1,1,1,0,0
0384-LPITE,0,0,0,0,1,1,1,1,0,1,1,1,0,0,0
0384-RVBPI,0,0,1,0,1,1,0,1,0,0,1,0,0,0,0
0386-CWRGM,1,1,1,0,0,0,0,0,0,0,0,1,0,0,0
0388-EOPEX,1,0,1,0,1,1,0,0,0,0,0,0,1,0,1
0390-DCFDQ,1,0,1,0,1,0,0,0,0,0,0,0,1,0,1
0392-BZIUW,1,0,1,1,1,1,0,1,0,1,1,1,1,0,0
0394-YONDK,1,1,1,1,0,0,0,0,0,0,0,1,0,0,0
0396-HUJBP,0,0,1,0,0,0,0,0,0,0,0,0,0,0,0
0396-UKGAI,0,1,1,0,1,0,1,0,1,0,0,0,1,0,0
0396-YCHWO,1,0,1,1,1,0,0,0,0,1,1,0,1,0,0
0397-GZBBC,1,0,1,1,1,0,0,0,0,1,1,0,1,0,1
0397-ZXWQF,0,0,1,0,0,0,0,0,0,0,0,1,0,0,0
0401-WDBXM,1,1,1,1,1,1,0,1,0,1,1,1,1,0,0
0402-CQAJN,0,0,1,1,1,0,1,1,0,1,1,0,1,0,1
0402-OAMEN,1,1,1,1,0,0,0,0,0,0,0,1,0,0,0
0404-AHASP,1,0,1,0,0,0,0,0,0,0,0,1,0,0,0
0404-SWRVG,0,0,1,1,1,0,0,0,0,0,0,0,1,0,1
0406-BPDVR,1,0,1,1,1,0,1,0,0,1,1,1,1,0,1
0407-BDJKB,1,0,1,1,1,0,1,1,0,1,0,0,1,0,1
0409-WTMPL,1,0,1,1,1,1,1,1,0,1,1,1,1,0,0
0410-IPFTY,1,0,1,0,1,0,1,0,0,0,1,0,1,0,0
0411-EZJZE,0,0,1,1,1,0,0,0,0,1,0,0,1,0,0
0412-UCCNP,0,0,1,0,1,1,0,1,1,0,0,1,1,0,0
0415-MOSGF,0,0,1,0,1,0,0,0,0,0,0,0,0,0,1
0419-YAAPX,1,0,1,0,1,0,1,0,0,1,0,0,1,0,0
0420-BWTPW,0,1,0,0,1,0,0,0,0,0,0,0,0,0,1
0420-HLGXF,0,0,1,1,1,0,0,1,0,1,1,0,1,0,0
0420-TXVSG,1,0,1,1,1,1,1,1,0,0,0,1,1,0,0
0422-OHQHQ,1,1,1,0,0,0,0,0,0,0,0,1,0,0,0
0422-UXFAP,1,0,1,1,1,0,0,1,0,1,1,1,1,0,0
0423-UDIJQ,0,0,1,0,1,0,0,0,1,0,0,0,0,0,0
0426-TIRNE,0,0,1,0,0,0,0,0,0,0,0,0,0,0,1
0428-AXXLJ,0,0,1,0,0,0,0,0,0,0,0,1,1,0,0
0428-IKYCP,1,0,1,0,1,0,0,1,0,1,0,0,1,0,0
0430-IHCDJ,0,0,1,1,1,0,0,0,0,0,0,0,1,0,0
0431-APWVY,1,1,1,0,1,0,0,0,0,1,1,1,1,0,1
0432-CAJZV,0,0,1,0,1,0,0,0,0,1,1,0,0,0,0
0434-CSFON,1,0,1,1,1,0,0,1,0,1,1,0,1,0,0
0436-TWFFZ,0,0,1,1,1,1,0,1,1,1,1,1,1,0,0
0439-IFYUN,0,0,1,0,1,0,1,0,0,0,0,0,1,0,0
0440-EKDCF,1,0,1,0,1,0,1,1,1,0,0,1,1,0,0
0440-MOGPM,0,0,1,1,1,0,1,1,0,1,1,1,1,0,0
0440-QEXBZ,0,0,1,1,1,0,0,0,0,0,0,0,1,0,0
0440-UEDAI,0,0,1,0,1,0,1,1,1,0,1,1,1,0,0
0442-TDYUO,1,0,1,0,0,0,0,0,0,0,0,1,1,0,0
0442-ZXKVS,1,0,1,1,1,1,1,1,1,1,1,1,1,0,0
0447-BEMNG,1,0,0,0,1,1,0,1,0,0,1,0,1,0,1
0447-RXSGD,0,0,1,1,1,0,1,0,0,1,1,0,1,0,0
0454-OKRCT,0,0,1,0,1,0,1,0,1,0,0,1,0,0,0
0455-ENTCR,1,0,1,1,1,1,1,0,1,1,1,1,0,0,0
0455-XFASS,1,1,1,0,1,0,0,0,0,0,0,0,1,0,0
0458-HEUZG,0,0,0,0,1,0,0,1,1,0,0,1,0,0,0
0459-SPZHJ,1,1,1,1,1,1,1,1,0,1,1,1,0,0,0
0461-CVKMU,1,1,1,0,1,0,1,1,1,0,0,0,0,0,1
0463-TXOAK,0,1,1,1,0,0,0,0,0,0,0,1,0,0,0
0463-WZZKO,0,0,1,0,0,0,0,0,0,0,0,0,1,0,0
0463-ZSDNT,0,0,1,0,1,0,0,0,0,0,1,0,1,0,0
0464-WJTKO,1,1,1,0,0,0,0,0,0,0,0,1,0,0,0
0468-YRPXN,0,0,1,0,1,0,0,1,1,1,1,0,1,0,0
0471-ARVMX,1,0,1,1,1,1,0,1,0,1,1,1,1,0,0
0471-LVHGK,1,0,1,1,1,0,0,1,0,1,1,1,1,0,1
0475-RIJEP,0,0,1,1,1,0,1,0,0,0,0,0,1,0,1
0479-HMSWA,0,1,1,0,1,0,1,1,1,1,1,1,1,0,0
0480-BIXDE,1,0,1,0,1,0,0,1,0,1,1,0,1,0,0
0480-KYJVA,1,1,1,1,0,0,0,0,0,0,0,1,0,0,0
0481-SUMCB,0,0,1,1,1,0,0,1,0,1,1,1,1,0,0
0484-FFVBJ,0,0,1,0,1,0,0,0,0,1,1,1,1,0,0
0484-JPBRU,0,0,1,1,0,0,0,0,0,0,0,0,1,0,0
0485-ZBSLN,1,1,1,1,0,0,0,0,0,0,0,1,0,0,0
0486-HECZI,1,0,1,1,1,1,1,0,0,1,0,0,1,0,1
0486-LGCCH,1,1,1,0,0,0,0,0,0,0,0,1,0,0,0
0487-CRLZF,0,0,1,0,1,0,0,1,1,1,1,1,1,0,0
0487-RPVUM,1,0,1,1,1,1,0,1,1,1,0,0,0,0,0
0487-VVUVK,1,1,1,0,0,0,0,0,0,0,0,0,1,0,0
0488-GSLFR,0,0,1,0,1,0,0,0,0,0,0,0,1,0,1
0489-WMEMG,0,1,1,0,1,0,0,0,1,0,0,1,1,0,0
0491-KAPQG,0,0,1,1,1,0,0,0,0,0,0,0,1,0,0
0495-RVCBF,0,0,1,0,1,0,0,0,0,0,1,0,1,0,1
0495-ZBNGW,1,0,1,1,1,0,0,1,0,0,0,0,1,0,1
0496-AHOOK,1,0,1,0,1,1,0,0,1,1,1,1,0,0,0
0504-HHAPI,0,0,1,1,1,0,0,1,0,0,1,0,0,0,1
0505-SPOOW,1,0,1,0,0,0,0,0,0,0,0,1,0,0,0
0506-LVNGN,0,0,1,0,1,0,0,1,0,0,0,0,1,0,1
0506-YLVKJ,1,1,1,0,0,0,0,0,0,0,0,1,1,0,0
0508-OOLTO,1,1,1,0,1,0,0,0,0,0,0,0,1,0,0
0508-SQWPL,1,1,1,0,0,0,0,0,0,0,0,1,1,0,0
0511-JTEOY,0,0,1,0,1,0,0,0,0,0,0,0,0,0,1
0512-FLFDW,1,0,1,1,1,0,0,1,0,1,1,1,1,0,0
0513-RBGPE,1,1,1,1,1,1,0,1,1,0,0,1,1,0,0
0515-YPMCW,0,1,1,0,1,0,0,0,0,0,0,0,1,0,1
0516-OOHAR,1,1,1,0,1,0,1,1,0,1,1,1,0,0,0
0516-QREYC,0,0,1,0,0,0,0,0,0,0,0,0,1,0,0
0516-UXRMT,0,0,1,1,1,1,1,1,0,0,0,1,1,0,0
0516-VRYBW,0,1,1,0,0,0,0,0,0,0,0,1,0,0,1
0516-WJVXC,0,0,1,0,1,1,0,0,1,0,0,0,0,0,1
0519-DRGTI,1,1,1,0,0,0,0,0,0,0,0,0,0,0,0
0519-XUZJU,0,0,1,0,1,0,0,0,0,0,0,0,0,0,1
0520-FDVVT,0,0,1,0,1,0,1,1,0,1,1,1,1,0,1
0523-VNGTF,0,0,0,0,1,0,1,1,1,1,0,0,1,0,0
0524-IAVZO,1,0,1,1,1,0,0,0,0,0,1,0,1,0,1
0526-SXDJP,1,0,0,0,1,1,1,1,0,0,0,1,0,0,0
0529-ONKER,0,0,1,1,1,0,0,0,0,0,0,0,0,0,1
0530-IJVDB,0,1,1,1,1,1,1,1,1,1,1,1,1,0,0
0531-XBKMM,0,1,1,1,1,1,1,0,1,0,0,1,0,0,0
0531-ZZJWQ,1,0,1,1,1,0,0,0,0,0,0,0,1,0,0
0533-BNWKF,1,0,1,1,1,0,1,1,0,0,0,0,1,0,1
0533-UCAAU,1,0,1,1,1,0,1,1,0,1,0,1,1,0,0
0536-ACXIP,1,0,1,1,1,1,1,1,0,1,1,1,1,0,0
0536-BGFMZ,1,0,1,0,0,0,0,0,0,0,0,0,0,0,0
0536-ESJEP,1,0,1,0,1,1,1,0,0,1,1,1,1,0,0
0537-QYZZN,1,1,1,1,1,1,0,0,0,0,0,0,1,0,0
0541-FITGH,1,0,1,0,1,1,0,0,0,0,1,0,1,0,0
0547-HURJB,0,1,1,0,0,0,0,0,0,0,0,0,0,0,0
0549-CYCQN,0,0,1,1,1,0,1,0,0,0,0,1,1,0,0
0550-DCXLH,0,0,1,0,1,0,1,0,1,1,1,0,0,0,0
0556-FJEGU,0,0,1,0,1,0,1,1,1,1,0,1,0,0,0
0557-ASKVU,1,1,1,0,1,0,0,1,1,0,0,1,1,0,0
0559-CKHUS,1,0,1,0,0,0,0,0,0,0,0,1,1,0,0
0562-FGDCR,1,1,1,1,1,1,1,0,1,1,0,1,0,0,0
0562-HKHML,1,1,1,1,0,0,0,0,0,0,0,1,0,0,0
0562-KBDVM,0,0,0,0,1,1,1,1,1,0,0,1,1,0,0
0564-JJHGS,0,0,1,1,1,0,0,0,0,1,1,0,1,0,1
0564-MUUQK,1,1,1,1,1,0,0,1,1,0,1,0,1,0,0
0565-IYCGT,0,0,1,1,1,1,1,1,1,0,1,1,1,0,1
0565-JUPYD,0,0,1,1,1,1,1,1,1,1,0,1,0,0,0
0567-GGCAC,0,0,1,0,1,1,1,1,0,0,0,0,0,0,0
0567-XRHCU,1,1,0,0,1,1,0,1,0,0,1,1,1,0,0
0568-ONFPC,1,1,1,1,0,0,0,0,0,0,0,0,1,0,1
0570-BFQHT,0,0,1,0,1,0,1,1,0,0,0,0,0,0,0
0572-ZJKLT,1,1,1,1,1,1,0,1,1,0,1,1,0,0,0
0575-CUQOV,1,0,1,0,1,0,1,1,0,1,1,1,1,0,0
0576-WNXXC,1,0,1,1,1,0,1,1,0,0,1,0,1,0,1
0577-WHMEV,1,0,1,1,1,1,1,1,0,0,0,0,0,0,0
0578-SKVMF,1,1,1,0,1,0,1,0,0,0,1,0,0,0,1
0580-PIQHM,1,1,1,1,1,1,1,1,0,0,1,1,1,0,0
0581-BXBUB,0,0,1,0,1,0,1,0,0,0,0,0,0,0,0
0581-MDMPW,0,0,1,1,1,0,0,1,0,1,0,0,1,0,0
0582-AVCLN,0,0,1,0,0,0,0,0,0,0,0,1,0,0,0
0584-BJQGZ,0,0,1,1,1,1,1,1,1,1,0,0,1,0,0
0585-EGDDA,1,0,1,0,1,0,1,1,0,0,0,0,1,0,0
0587-DMGBH,0,0,1,0,1,1,0,0,0,0,0,0,1,0,1
0594-UFTUL,1,1,1,0,0,0,0,0,0,0,0,0,1,0,0
0595-ITUDF,1,1,1,1,1,1,1,1,0,0,0,0,1,0,0
0596-BQCEQ,1,1,1,0,1,0,1,1,0,1,1,0,1,0,1
0599-XNYDO,1,0,1,0,1,0,0,0,0,0,0,0,1,0,0
0601-WZHJF,1,0,0,0,1,0,0,0,0,1,1,0,0,0,1
0602-DDUML,0,0,1,0,1,0,1,1,1,1,0,1,0,0,0
0603-OLQDC,0,1,1,0,1,1,0,0,0,1,1,0,1,0,0
0603-TPMIB,1,1,1,1,0,0,0,0,0,0,0,1,0,0,0
0604-THJFP,1,1,1,0,1,0,1,0,1,1,1,1,1,0,0
0607-DAAHE,0,1,1,0,0,0,0,0,0,0,0,1,0,0,1
0607-MVMGC,1,1,1,1,1,0,1,1,0,1,1,1,0,0,0
0608-JDVEC,1,0,1,0,0,0,0,0,0,0,0,1,0,0,0
0611-DFXKO,1,0,1,0,1,0,0,0,0,1,1,0,1,0,1
0612-RTZZA,0,0,0,0,1,0,0,0,0,0,0,0,0,0,1
0613-WUXUM,1,1,1,0,0,0,0,0,0,0,0,1,1,0,0
0616-ATFGB,1,0,0,0,1,0,0,0,0,0,0,0,0,0,1
0617-AQNWT,1,0,0,0,1,1,0,1,1,0,1,1,0,0,1
0617-FHSGK,0,1,1,1,1,0,0,0,0,0,0,0,0,0,1
0618-XWMSS,0,1,1,0,1,1,0,0,0,0,0,0,1,0,1
0619-OLYUR,1,0,1,1,1,1,0,1,1,1,1,1,1,0,0
0620-DLSLK,0,0,1,0,1,0,0,0,0,1,0,0,1,0,0
0620-XEFWH,1,1,1,0,0,0,0,0,0,0,0,0,0,0,0
0621-CXBKL,0,0,1,0,0,0,0,0,0,0,0,1,0,0,0
0621-HJWXJ,1,0,1,1,1,0,1,0,0,0,0,0,1,0,0
0621-JFHOL,0,0,0,0,1,0,0,0,1,0,0,1,1,0,0
0621-TSSMU,1,0,1,0,0,0,0,0,0,0,0,1,0,0,0
0621-TWIEM,0,0,1,0,1,0,0,0,0,0,0,0,1,0,1
0623-EJQEG,0,0,1,1,1,1,0,0,1,0,1,1,0,0,0
0623-GDISB,0,0,1,0,1,1,0,0,0,0,0,0,1,0,0
0623-IIHUG,0,0,0,0,1,1,0,0,0,1,0,0,1,0,1
0625-AFOHS,1,1,1,0,0,0,0,0,0,0,0,1,0,0,0
0626-QXNGV,1,0,1,1,0,0,0,0,0,0,0,1,1,0,0
0628-CNQRM,1,1,1,0,1,1,0,1,1,1,0,1,1,0,1
0634-SZPQA,0,0,1,1,1,1,0,0,0,1,0,0,1,0,1
0635-WKOLD,1,0,1,1,1,0,1,0,1,1,0,1,0,0,0
0637-KVDLV,0,0,1,1,1,0,0,0,0,0,0,0,1,0,1
0637-UBJRP,1,1,1,0,1,1,0,0,0,0,1,0,0,0,1
0637-YLETY,0,0,1,1,1,0,1,1,0,0,1,0,1,0,1
0639-TSIQW,0,0,1,1,1,1,1,1,0,1,0,0,1,0,1
0640-YJTPY,1,1,1,0,0,0,0,0,0,0,0,1,0,0,0
0641-EVBOJ,0,0,1,0,1,1,0,0,1,0,0,0,1,0,0
0643-OKLRP,1,0,1,1,1,1,0,0,0,0,0,0,0,0,1
0644-OQMDK,0,0,1,0,1,0,0,0,0,0,0,0,1,0,0
0650-BWOZN,0,0,1,0,1,0,1,0,0,0,0,0,1,0,0
0654-HMSHN,1,1,1,1,1,0,1,1,0,1,1,0,0,0,1
0654-PQKDW,1,1,1,0,1,1,0,1,1,1,0,1,1,0,0
0655-RBDUG,0,0,1,1,1,0,0,1,0,1,1,0,1,0,1
0655-YDGFJ,0,0,1,0,1,0,0,1,0,0,0,0,0,0,0
0657-DOGUM,1,0,1,1,1,1,0,0,1,0,0,1,1,0,0
0661-KBKPA,1,1,1,1,1,0,0,1,1,1,1,1,1,0,0
0661-KQHNK,1,1,1,0,0,0,0,0,0,0,0,1,0,0,0
0661-WCQNQ,1,0,1,0,1,1,0,0,1,0,0,1,1,0,0
0661-XEYAN,0,0,0,0,1,0,0,0,0,0,0,0,1,0,1
0665-XHDJU,1,0,1,1,1,0,1,0,0,1,1,1,1,0,0
0666-UXTJO,1,0,1,0,1,0,0,1,0,1,0,0,1,0,0
0667-NSRGI,1,0,1,1,1,0,0,1,1,0,1,1,1,0,0
0668-OGMHD,1,0,0,0,1,1,0,0,0,0,0,0,0,0,0
0670-ANMUU,0,0,1,1,1,1,0,0,1,0,1,1,0,0,0
0670-KDOMA,0,0,1,0,0,0,0,0,0,0,0,0,1,0,0
0673-IGUQO,0,0,1,0,0,0,0,0,0,0,0,0,0,0,0
0674-DGMAQ,1,0,1,1,1,0,1,1,0,0,1,0,1,0,0
0674-EYYZV,0,0,1,0,1,0,0,0,0,1,0,0,1,0,0
0674-GCDXG,0,0,1,1,1,1,0,1,1,0,1,1,1,0,0
0675-NCDYU,1,1,1,1,1,1,1,1,1,1,1,1,1,0,0
0678-RLHVP,0,0,1,1,1,0,1,1,0,1,1,1,0,0,0
0679-IDSTG,1,1,1,0,1,0,0,0,0,0,0,0,1,0,1
0679-TDGAK,1,1,1,0,1,1,0,0,1,1,1,1,0,0,0
0680-DFNNY,1,0,1,1,1,0,0,1,0,1,1,0,1,0,1
0682-USIXD,1,0,1,0,1,0,0,0,1,1,0,0,1,0,0
0684-AOSIH,1,0,1,0,1,1,0,0,0,1,1,0,1,0,1
0685-MLYYM,0,0,1,0,1,0,0,0,0,0,0,0,0,0,1
0687-ZVTHB,1,1,1,1,1,1,1,1,0,0,1,1,0,0,1
0689-DSXGL,1,1,1,0,1,0,1,1,1,0,0,0,0,0,0
0689-NKYLF,0,0,1,0,1,0,0,1,0,1,0,0,1,0,1
0690-SRQID,0,0,1,0,0,0,0,0,0,0,0,0,1,0,0
0691-IFBQW,0,0,1,1,1,1,1,1,0,1,1,1,1,0,1
0691-JVSYA,1,0,1,0,1,0,0,1,0,1,1,1,1,0,1
0691-NIKRI,0,0,1,1,1,0,0,1,1,1,1,1,1,0,0
0696-UKTOX,0,1,1,0,1,0,1,0,1,0,0,0,0,0,0
0697-ZMSWS,0,0,1,1,1,0,0,0,0,0,1,0,1,0,1
0699-NDKJM,1,0,0,0,1,1,1,1,0,1,1,0,1,0,0
0701-RFGFI,1,1,1,1,1,0,0,0,0,1,1,0,1,0,0
0701-TJSEF,0,0,1,0,1,1,0,1,1,0,1,0,1,0,0
0702-PGIBZ,0,1,1,1,1,0,1,0,0,1,1,0,1,0,1
0704-VCUMB,1,0,1,0,0,0,0,0,0,0,0,1,0,0,0
0707-HOVVN,0,0,1,1,1,0,1,1,1,1,0,1,1,0,0
0708-LGSMF,1,0,1,1,1,1,0,0,0,0,1,0,1,0,0
0708-SJDIS,0,0,1,1,1,0,0,0,1,1,0,0,0,0,0
0709-TVGUR,0,0,1,1,1,0,0,0,0,0,0,0,1,0,1
0716-BQNDX,0,0,1,1,1,1,0,0,1,0,1,1,0,0,0
0719-SYFRB,0,0,1,1,1,1,0,1,1,0,0,0,1,0,1
0722-SVSFK,0,0,1,0,1,0,0,1,1,1,1,0,1,0,0
0722-TROQR,0,0,1,1,1,0,0,0,0,0,0,0,1,0,1
0723-DRCLG,1,0,1,1,1,0,0,0,0,0,0,0,1,0,1
0723-FDLAY,0,0,1,1,1,0,1,1,1,1,1,1,1,0,0
0723-VSOBE,0,0,0,0,1,0,0,0,0,0,1,1,0,0,0
0725-CXOTM,0,0,1,1,1,1,0,1,1,1,1,1,1,0,0
0727-BMPLR,0,0,1,1,1,0,0,1,0,1,1,1,1,0,1
0727-BNRLG,0,0,1,1,1,0,1,1,1,1,0,1,1,0,0
0727-IWKVK,1,0,1,0,1,0,1,1,0,0,0,0,1,0,1
0730-BGQGF,1,1,1,1,1,1,1,1,1,1,1,1,0,0,0
0730-KOAVE,0,0,1,1,1,1,1,0,0,0,1,0,1,0,0
0731-EBJQB,1,1,1,0,0,0,0,0,0,0,0,1,1,0,0
0732-OCQOC,1,1,1,1,0,0,0,0,0,0,0,1,1,0,0
0733-VUNUW,0,0,1,1,1,1,0,0,0,0,0,0,1,0,1
0734-OXWBT,0,1,1,0,1,0,0,0,1,1,1,0,0,0,0
0739-UUAJR,1,1,0,0,1,1,0,1,0,1,1,1,1,0,0
0742-LAFQK,1,0,1,1,1,1,1,1,0,0,1,1,1,0,0
0742-MOABM,1,0,1,0,1,0,0,0,1,0,0,0,0,0,1
0742-NXBGR,0,0,1,0,1,0,1,1,0,0,0,0,1,0,1
0743-HNPFG,1,1,1,0,1,1,1,0,1,0,1,1,1,0,0
0743-HRVFF,1,1,0,0,1,0,0,1,1,1,1,1,1,0,0
0744-BIKKF,0,0,1,1,1,1,1,1,1,1,1,1,0,0,0
0744-GKNGE,1,1,1,1,1,1,0,0,1,0,0,0,1,0,0
0746-JTRFU,0,0,0,0,1,0,0,0,0,0,0,0,1,0,1
0748-RDGGM,1,0,1,0,1,1,1,1,1,1,1,1,1,0,1
0749-IRGQE,1,0,0,0,1,0,0,0,0,1,1,0,0,0,0
0750-EBAIU,0,0,1,0,1,1,0,1,0,1,0,1,0,0,0
0750-EKNGL,0,0,1,0,0,0,0,0,0,0,0,0,0,0,0
0754-EEBDC,1,1,1,0,0,0,0,0,0,0,0,1,0,0,0
0754-UKWQP,0,0,1,0,1,0,0,1,0,1,1,0,1,0,1
0756-MPZRL,0,0,0,0,1,0,0,1,1,0,0,1,0,0,0
0757-WCUUZ,1,1,1,1,1,0,0,1,0,0,1,1,0,0,0
0761-AETCS,0,0,1,0,0,0,0,0,0,0,0,0,0,0,1
0769-MURVM,1,1,0,0,1,1,1,1,1,1,1,1,0,0,0
0771-CHWSK,0,0,1,1,1,1,1,1,0,0,1,1,1,0,0
0771-WLCLA,1,1,1,1,1,1,0,1,1,1,1,0,1,0,0
0772-GYEQQ,0,0,1,0,1,0,0,1,1,1,0,0,1,0,1
0774-IFUVM,1,1,1,1,1,1,0,0,0,1,0,0,1,0,0
0774-RMNUW,1,1,0,0,1,1,1,0,1,1,1,1,0,0,0
0778-NELLA,0,0,0,0,1,0,0,0,0,1,0,0,1,0,1
0780-XNZFN,0,0,1,0,0,0,0,0,0,0,0,1,0,0,0
0781-LKXBR,0,0,1,1,1,0,0,1,0,1,1,0,1,0,1
0784-GTUUK,1,0,1,1,0,0,0,0,0,0,0,1,1,0,0
0784-ZQJZX,0,1,1,0,0,0,0,0,0,0,0,1,0,0,0
0786-IVLAW,0,0,1,1,1,0,1,1,0,1,1,1,0,0,0
0786-VSSUD,0,0,0,0,1,0,1,0,0,1,0,0,1,0,1
0787-LHDYT,0,0,1,0,0,0,0,0,0,0,0,0,1,0,0
0788-DXBFY,1,1,1,0,0,0,0,0,0,0,0,1,1,0,0
0793-TWELN,0,0,1,1,1,1,0,0,0,0,0,0,1,0,0
0794-YVSGE,1,1,1,0,0,0,0,0,0,0,0,1,0,0,0
0795-GMVQO,1,0,1,1,1,1,1,1,0,1,1,1,0,0,0
0795-LAFGP,1,1,1,1,1,1,1,1,1,1,1,1,0,0,0
0795-XCCTE,0,0,1,1,0,0,0,0,0,0,0,1,0,0,0
0799-DDIHE,1,1,1,0,1,0,0,0,0,0,0,0,0,0,0
0804-XBFBV,0,1,0,0,1,0,0,0,0,0,0,0,0,0,0
0804-YGEQV,1,1,1,1,0,0,0,0,0,0,0,1,1,0,0
0807-ZABDG,0,1,1,0,1,1,0,0,1,0,0,0,1,0,1
0810-BDHAW,1,1,1,1,1,1,1,0,0,1,1,1,0,0,0
0810-DHDBD,0,0,1,1,1,1,0,1,1,1,0,1,0,0,0
0811-GSDTP,0,1,0,0,1,0,1,0,0,0,0,0,0,0,0
0812-WUPTB,1,0,1,0,1,0,0,0,0,0,0,0,0,0,1
0813-TAXXS,0,0,1,1,1,0,0,1,0,1,1,1,1,0,0
0815-MFZGM,1,0,1,0,1,0,0,1,1,1,1,1,1,0,0
0816-TSPHQ,0,0,1,0,0,0,0,0,0,0,0,0,0,0,0
0817-HSUSE,0,0,1,0,1,0,0,1,1,1,1,0,1,0,0
0818-OCPZO,0,0,1,1,1,0,1,0,0,0,0,0,1,0,1
0820-FNRNX,1,1,1,1,1,0,1,1,1,0,0,0,1,0,0
0822-GAVAP,0,0,0,0,1,0,0,0,0,0,1,0,1,0,1
0822-QGCXA,1,0,1,1,1,0,1,1,1,1,1,0,0,0,0
0823-HSCDJ,0,0,0,0,1,0,1,0,0,1,1,0,1,0,1
0824-VWDPO,0,0,1,1,1,1,1,0,0,0,1,1,0,0,0
0825-CPPQH,1,0,1,0,0,0,0,0,0,0,0,1,0,0,0
0827-ITJPH,0,0,1,0,0,0,0,0,0,0,0,1,1,0,0
0829-DDVLK,0,0,1,0,0,0,0,0,0,0,0,1,0,0,0
0829-XXPLX,0,0,1,0,1,1,0,1,0,1,0,0,1,0,0
0831-JNISG,1,1,1,0,0,0,0,0,0,0,0,1,0,0,0
0835-DUUIQ,0,1,1,0,0,0,0,0,0,0,0,1,0,0,0
0835-JKADZ,0,0,1,1,1,0,1,1,1,1,1,1,1,0,0
0836-SEYLU,1,0,0,0,1,0,0,0,1,1,0,0,0,0,1
0839-JTCUD,1,1,1,1,1,1,1,1,1,1,1,1,0,0,0
0839-QNXME,0,0,1,0,0,0,0,0,0,0,0,1,0,0,0
0840-DCNZE,0,0,1,0,1,1,1,1,1,1,1,1,1,0,0
0840-DFEZH,0,0,1,1,1,0,0,0,0,0,0,0,1,0,0
0841-NULXI,0,0,0,0,1,0,0,0,0,0,1,0,1,0,1
0842-IWYCP,0,0,1,0,1,0,0,0,0,0,0,0,0,0,0
0843-WTBXE,0,0,1,1,1,0,0,0,0,1,0,0,0,0,1
0847-HGRML,0,1,1,0,0,0,0,0,0,0,0,1,0,0,0
0848-SOMKO,0,0,0,0,1,1,0,1,1,0,1,1,0,0,0
0848-ZGQIJ,1,0,1,0,1,0,1,0,0,1,1,0,1,0,0
0851-DFJKB,0,0,1,0,1,1,0,1,1,0,0,0,0,0,0
0853-NWIFK,0,0,1,0,1,1,1,0,0,1,1,1,1,0,0
0853-TWRVK,1,0,1,1,1,1,1,1,1,0,1,1,0,0,0
0854-UYHZD,1,1,1,0,0,0,0,0,0,0,0,1,0,0,0
0856-NAOES,0,0,1,0,1,0,0,1,0,1,0,0,0,0,0
0859-YGKFW,1,1,1,0,0,0,0,0,0,0,0,1,0,0,0
0862-PRCBS,1,1,1,1,1,0,1,0,1,1,1,1,1,0,0
0864-FVJNJ,1,1,1,1,1,1,1,1,1,1,1,1,0,0,0
0866-QLSIR,0,0,1,1,1,1,1,0,1,0,0,1,1,0,1
0867-LDTTC,0,0,1,0,1,0,0,1,1,1,1,0,0,0,0
0867-MKZVY,1,0,1,1,1,1,0,0,0,0,0,0,0,0,1
0868-VJRDR,1,0,1,0,1,1,1,0,1,1,1,1,1,0,0
0869-PAPRP,1,0,1,0,1,0,0,1,0,1,0,0,1,0,0
0870-VEMYL,0,0,1,0,1,1,0,0,1,0,0,0,0,0,1
0871-OPBXW,0,0,1,0,0,0,0,0,0,0,0,0,1,0,0
0871-URUWO,1,0,1,1,1,0,0,1,0,1,1,0,1,0,1
0872-CASZJ,1,0,1,1,1,1,0,0,1,0,1,1,1,0,0
0872-JCPIB,0,0,1,1,1,1,0,0,0,0,1,0,0,0,0
0872-NXJYS,0,0,1,0,1,0,0,0,0,0,1,0,1,0,1
0875-CABNR,0,0,1,0,1,0,0,1,0,0,1,0,1,0,1
0876-WDUUZ,0,0,1,0,1,0,0,0,1,0,1,0,1,0,1
0877-SDMBN,0,0,1,1,1,1,0,1,0,1,1,1,1,0,1
0880-FVFWF,0,0,1,1,1,1,1,0,0,0,0,0,1,0,0
0880-TKATG,1,1,1,1,1,0,0,1,0,1,1,0,0,0,1
0883-EIBTI,0,0,1,0,0,0,0,0,0,0,0,0,0,0,1
0885-HMGPY,0,0,1,1,1,1,1,1,1,0,0,1,0,0,0
0886-QGENL,1,0,1,0,1,1,0,1,0,1,1,0,1,0,1
0887-HJGAR,0,0,1,0,1,0,0,0,0,0,0,0,1,0,1
0887-WBJVH,1,0,1,0,1,0,0,0,1,1,1,1,1,0,0
0895-DQHEW,1,0,1,1,1,0,1,1,0,1,1,0,1,0,1
0895-LMRSF,0,0,1,0,1,0,0,0,0,1,1,1,1,0,0
0895-LNKRC,1,1,1,0,0,0,0,0,0,0,0,1,0,0,0
0895-UADGO,0,1,0,0,1,1,0,0,1,0,1,1,1,0,0
0897-FEGMU,1,0,1,1,1,0,0,1,0,1,1,0,1,0,1
0898-XCGTF,1,0,1,1,1,0,0,0,0,1,1,1,1,0,0
0899-LIIBW,1,0,1,1,1,0,0,1,0,1,1,0,0,0,0
0899-WZRSD,0,0,1,1,1,1,0,0,1,1,1,0,1,0,0
0902-RFHOF,0,0,1,0,0,0,0,0,0,0,0,1,0,0,0
0902-XKXPN,1,1,1,0,0,0,0,0,0,0,0,1,0,0,0
0906-QVPMS,1,0,1,1,1,1,1,1,1,1,1,1,0,0,0
0907-HQNTS,1,0,1,1,1,1,1,1,1,1,1,1,1,0,0
0909-SDHNU,0,1,0,0,1,1,0,0,0,0,0,0,0,0,0
0909-SELIE,1,0,1,1,1,1,1,1,1,0,1,1,1,0,0
0913-XWSCN,1,1,1,1,1,0,0,0,0,0,1,0,0,0,0
0916-KNFAJ,1,0,1,1,1,1,0,1,0,0,1,1,1,0,0
0916-QOFDP,1,1,1,1,1,0,0,0,0,1,1,0,1,0,0
0917-EZOLA,1,0,1,1,1,0,1,1,0,1,1,1,1,0,1
0921-OHLVP,0,0,1,1,1,0,0,0,0,0,1,0,0,0,0
0923-PNFUB,0,0,1,0,1,0,1,0,0,1,0,0,0,0,1
0924-BJCRC,1,0,1,1,1,0,1,0,0,0,1,0,0,0,0
0925-VYDLG,0,0,1,1,1,0,0,0,0,0,0,0,0,0,1
0927-CNGRH,0,1,1,0,0,0,0,0,0,0,0,0,0,0,0
0927-LCSMG,0,0,1,0,1,0,0,1,0,0,0,0,0,0,1
0928-JMXNP,1,0,0,0,1,0,0,1,0,0,0,0,1,0,0
0928-XUTSN,0,0,1,0,1,0,0,0,0,0,1,0,1,0,0
0929-HYQEW,0,0,1,0,1,1,0,0,0,0,0,0,1,0,0
0929-PECLO,0,0,1,1,1,0,0,1,0,0,1,0,1,0,0
0930-EHUZA,0,0,1,0,1,1,1,1,1,1,0,1,1,0,0
0931-MHTEM,0,0,1,0,1,1,1,0,0,1,1,1,1,0,0
0932-YIXYU,0,0,1,0,0,0,0,0,0,0,0,1,0,0,0
0936-NQLJU,1,0,1,0,0,0,0,0,0,0,0,1,0,0,0
0939-EREMR,0,1,1,0,1,0,0,1,1,0,0,0,0,0,0
0939-YAPAF,0,0,1,1,1,0,0,1,0,1,1,0,1,0,1
0940-OUQEC,0,0,1,1,1,0,1,0,0,0,0,0,1,0,1
0942-KOWSM,1,1,1,0,1,0,1,1,1,1,1,1,0,0,0
0943-ZQPXH,1,1,1,0,1,0,0,1,0,1,1,0,1,0,0
0945-TSONX,1,1,1,1,1,1,1,0,1,1,1,1,1,0,0
0946-CLJTI,1,0,1,1,1,0,0,1,0,1,1,0,1,0,1
0946-FKYTX,0,0,0,0,1,0,1,0,0,0,0,1,0,0,0
0947-IDHRQ,0,0,1,0,1,0,0,0,0,1,0,0,1,0,1
0947-MUGVO,1,0,1,0,1,0,1,0,0,0,0,0,1,0,1
0952-KMEEH,0,0,1,1,1,1,0,0,0,1,1,0,0,0,1
0953-LGOVU,1,1,0,0,1,0,1,0,1,0,0,0,0,0,0
0956-ACVZC,0,0,1,0,1,0,0,1,0,1,1,1,1,0,0
0956-SYCWG,0,0,1,0,0,0,0,0,0,0,0,1,0,0,0
0958-YHXGP,0,0,1,0,1,0,0,0,0,0,0,0,1,0,0
0959-WHOKV,0,0,1,1,1,1,1,1,0,0,1,1,1,0,0
0960-HUWBM,1,1,1,1,1,0,0,1,1,1,1,1,1,0,0
0961-ZWLVI,0,1,1,1,1,1,1,1,0,1,1,1,1,0,0
0962-CQPWQ,1,1,1,0,0,0,0,0,0,0,0,1,0,0,0
0963-ZBDRN,0,0,1,0,1,0,0,0,1,1,1,0,1,0,1
0967-BMLBD,1,1,1,0,0,0,0,0,0,0,0,1,1,0,0
0968-GSIKN,0,0,1,0,1,0,0,0,0,0,0,0,1,0,1
0969-RGKCU,1,1,1,0,0,0,0,0,0,0,0,1,0,0,0
0970-ETWGE,0,0,1,0,1,0,0,0,0,1,1,0,1,0,1
0970-QXPXW,0,0,1,0,0,0,0,0,0,0,0,0,0,0,0
0971-QIFJK,1,0,1,1,0,0,0,0,0,0,0,1,0,0,0
0973-KYVNF,1,1,1,0,1,1,1,1,0,1,0,1,1,0,0
0975-UYDTX,1,0,1,1,1,1,1,1,1,1,1,1,1,0,0
0975-VOOVL,0,0,0,0,1,0,1,0,0,0,0,0,0,0,0
0979-MOZQI,1,0,0,0,1,0,0,0,1,1,0,1,1,0,0
0979-PHULV,1,1,1,1,1,0,0,1,0,1,1,0,1,0,1
0980-FEXWF,1,1,1,0,1,0,0,1,0,0,0,1,0,0,0
0980-PVMRC,1,1,0,0,1,0,1,0,0,1,1,0,1,0,0
0983-TATYJ,1,0,1,0,1,0,0,0,1,0,0,1,1,0,0
0988-AADSA,1,1,1,1,1,1,1,1,1,0,1,1,0,0,0
0988-JRWWP,0,0,1,0,1,0,0,0,0,1,0,0,1,0,0
0991-BRRFB,0,0,1,0,1,1,0,0,0,0,0,0,0,0,1
0993-OSGPT,1,0,1,0,1,0,1,1,1,0,0,1,1,0,0
0997-YTLNY,0,1,1,0,1,0,0,0,1,0,0,0,0,0,0
0999-QXNSA,0,1,1,0,1,0,0,0,0,0,0,0,1,0,0
1000-AJSLD,0,0,1,0,0,0,0,0,0,0,0,0,1,0,1
1004-NOZNR,0,1,1,0,1,1,0,0,0,1,1,1,0,0,0
1009-IRMNA,0,0,1,0,0,0,0,0,0,0,0,0,0,0,1
1010-DIAUQ,0,0,1,0,1,0,0,1,0,1,1,0,0,0,1
1013-QCWAM,1,0,1,1,1,0,1,0,0,1,1,0,1,0,0
1015-JPFYW,0,1,1,0,0,0,0,0,0,0,0,1,0,0,0
1015-OWJKI,0,0,1,0,0,0,0,0,0,0,0,0,0,0,0
1016-DJTSV,0,0,1,0,1,0,0,0,0,0,0,0,1,0,0
1017-FBQMM,1,1,1,1,1,0,1,0,1,1,1,1,1,0,0
1020-JPQOW,1,0,1,1,1,0,1,1,1,0,0,0,0,0,0
1022-RKXDR,0,0,1,1,0,0,0,0,0,0,0,1,1,0,0
1023-BQXZE,0,0,1,0,1,1,0,1,0,1,1,1,1,0,0
1024-GUALD,1,0,0,0,1,0,0,0,0,0,0,0,1,0,1
1024-KPRBB,0,0,1,0,1,0,0,0,0,1,1,1,1,0,0
1024-VRZHF,1,0,1,1,1,0,0,0,0,0,0,0,1,0,1
1025-FALIX,0,0,1,0,1,0,0,0,0,0,0,0,1,0,0
1027-LKKQQ,1,1,1,0,1,1,0,1,1,1,1,1,1,0,0
1028-FFNJK,1,0,1,1,1,0,0,0,1,1,1,0,1,0,0
1029-QFBEN,0,0,1,0,0,0,0,0,0,0,0,0,0,0,1
1031-IIDEO,0,0,1,0,1,0,0,0,0,0,0,0,1,0,1
1032-MAELW,1,1,1,1,1,1,1,1,1,0,1,1,1,0,0
1035-IPQPU,1,0,1,1,1,0,1,1,0,1,1,0,1,0,0
1036-GUDCL,1,1,1,0,1,1,1,0,1,1,1,0,1,0,0
1038-RQOST,1,1,1,0,0,0,0,0,0,0,0,0,0,0,0
1038-ZAGBI,1,1,1,0,0,0,0,0,0,0,0,1,0,0,1
1041-RXHRA,0,0,1,0,1,0,0,0,0,0,0,0,0,0,1
1042-HFUCW,0,1,1,0,1,0,1,0,1,0,0,1,1,0,0
1043-UXOVO,0,0,1,1,1,1,1,1,1,1,1,1,1,0,0
1043-YCUTE,1,0,1,1,0,0,0,0,0,0,0,1,1,0,1
1045-LTCYT,1,1,1,0,0,0,0,0,0,0,0,0,0,0,0
1047-NNCBF,0,0,1,0,1,0,0,0,0,0,0,0,0,0,0
1047-RNXZV,0,0,1,0,0,0,0,0,0,0,0,1,0,0,0
1049-FYSYG,1,0,0,0,1,0,1,1,0,0,0,0,1,0,0
1051-EQPZR,1,1,1,0,0,0,0,0,0,0,0,0,0,0,0
1051-GEJLJ,0,0,1,0,0,0,0,0,0,0,0,0,0,0,0
1052-QJIBV,1,1,1,0,0,0,0,0,0,0,0,1,0,0,0
1053-MXTTK,1,1,1,0,1,1,1,1,1,1,1,1,1,0,0
1057-FOGLZ,0,0,1,0,0,0,0,0,0,0,0,0,0,0,0
1060-ENTOF,1,0,1,1,1,1,1,1,1,0,1,1,1,0,0
1061-PNTHC,1,1,1,1,1,1,0,1,1,1,1,0,1,0,0
1062-LHZOD,1,1,1,0,1,0,0,0,0,0,0,0,1,0,1
1063-DHQJF,1,1,1,0,1,0,1,0,1,1,0,1,1,0,0
1064-FBXNK,1,1,1,0,0,0,0,0,0,0,0,1,0,0,0
1066-JKSGK,0,0,1,0,0,0,0,0,0,0,0,0,0,0,1
1069-QJOEE,1,1,1,0,0,0,0,0,0,0,0,1,0,0,0
1069-XAIEM,0,0,1,1,1,0,0,0,0,0,1,0,1,0,1
1073-XXCZD,1,0,1,1,0,0,0,0,0,0,0,1,0,0,0
1074-AMIOH,1,1,1,0,1,0,1,1,1,1,1,0,1,0,0
1074-WVEVG,1,0,1,0,0,0,0,0,0,0,0,1,0,0,0
1075-BGWOH,1,0,1,1,1,0,0,1,0,1,1,0,1,0,1
1077-HUUJM,0,1,1,0,1,0,0,0,0,0,0,0,1,0,0
1078-TDCRN,1,0,0,0,1,0,1,0,0,0,0,0,1,0,0
1080-BWSYE,1,0,1,1,0,0,0,0,0,0,0,1,0,0,0
1084-MNSMJ,1,1,1,0,1,1,1,1,1,1,1,1,0,0,0
1084-UQCHV,0,1,1,0,1,0,0,0,0,0,0,0,0,0,1
1085-LDWAM,1,1,1,0,0,0,0,0,0,0,0,1,1,0,0
1086-LXKFY,1,1,1,0,1,0,0,0,0,0,0,0,1,0,1
1087-GRUYI,1,0,1,0,0,0,0,0,0,0,0,1,0,0,0
1087-UDSIH,0,0,1,0,0,0,0,0,0,0,0,0,1,0,1
1088-AUUZZ,1,1,1,1,1,1,1,0,1,0,1,1,1,0,0
1088-CNNKB,1,0,1,1,1,1,1,1,1,0,1,1,0,0,0
1089-HDMKP,0,1,1,0,1,0,1,0,1,0,0,0,1,0,0
1089-XZWHH,1,1,1,0,0,0,0,0,0,0,0,1,1,0,0
1090-ESELR,1,1,1,0,1,1,1,0,1,1,1,1,0,0,0
1090-PYKCI,1,1,1,1,1,1,1,1,1,1,0,1,1,0,0
1091-SOZGA,1,1,1,1,1,0,0,1,0,1,1,1,1,0,0
1092-GANHU,0,0,1,0,1,0,0,1,0,0,0,0,1,0,1
1092-WPIVQ,1,1,1,1,0,0,0,0,0,0,0,1,0,0,0
1093-YSWCA,0,0,1,0,0,0,0,0,0,0,0,1,0,0,0
1094-BKOSX,1,1,0,0,1,0,1,1,1,0,1,1,0,0,0
1095-JUDTC,0,0,1,1,1,0,1,0,1,1,0,0,1,0,1
1095-WGNGG,1,0,1,1,1,0,1,0,0,1,1,1,1,0,0
1096-ADRUX,1,1,1,1,1,0,0,0,0,0,0,1,1,0,0
1097-FSPVW,0,0,1,0,1,1,0,1,0,0,0,0,0,0,0
1098-KFQEC,1,1,1,0,0,0,0,0,0,0,0,1,0,0,0
1098-TDVUQ,0,0,1,0,0,0,0,0,0,0,0,0,1,0,0
1099-BTKWT,1,0,0,0,1,1,0,1,0,1,1,1,1,0,0
1099-GODLO,1,1,1,0,0,0,0,0,0,0,0,1,0,0,0
1100-DDVRV,1,0,0,0,1,0,1,0,0,1,1,0,1,0,0
1101-SSWAG,1,0,1,1,1,0,0,0,0,0,0,0,1,0,0
1104-FEJAM,1,1,1,1,1,0,1,0,0,0,1,0,0,0,0
1104-TNLZA,1,0,1,1,1,0,1,0,1,1,1,0,1,0,0
1106-HRLKZ,1,1,1,0,0,0,0,0,0,0,0,1,0,0,0
1110-KYLGQ,0,0,1,1,1,1,1,1,0,1,1,0,0,0,0
1112-CUNAO,0,0,1,1,1,0,1,0,0,0,1,0,0,0,1
1113-IUJYX,1,0,1,0,1,1,1,0,1,1,1,1,0,0,1
1114-CENIM,0,1,1,1,1,0,1,0,0,0,0,0,1,0,1
1116-DXXDF,0,0,1,0,1,1,0,1,0,1,1,1,1,0,0
1116-FRYVH,1,1,0,0,1,1,1,0,1,0,0,1,0,0,0
1120-BMWUB,0,0,1,0,1,0,1,0,1,0,0,0,1,0,1
1121-QSIVB,0,1,1,1,1,0,1,0,0,1,1,1,1,0,0
1122-JWTJW,1,1,1,0,1,0,0,0,0,0,0,0,1,0,1
1122-YJBCS,1,0,1,0,1,1,1,0,0,0,0,1,1,0,0
1125-SNVCK,0,0,1,0,1,0,0,0,0,0,0,0,0,0,0
1131-ALZWV,0,0,1,1,0,0,0,0,0,0,0,1,0,0,0
1131-QQZEB,1,0,1,1,0,0,0,0,0,0,0,1,0,0,0
1131-SUEKT,1,1,1,0,1,0,1,0,1,1,1,1,1,0,0
1133-KXCGE,0,0,1,0,0,0,0,0,0,0,0,1,0,0,0
1134-YWTYF,1,0,1,0,1,0,1,0,1,0,0,0,1,0,0
1135-HIORI,1,1,1,1,1,0,1,1,1,1,1,1,1,0,0
1135-LMECX,0,0,1,0,0,0,0,0,0,0,0,0,0,0,0
1136-XGEQU,1,1,1,1,1,0,1,1,1,1,1,1,1,0,0
1137-DGOWI,1,0,1,0,1,0,1,1,1,0,1,1,0,0,0
1139-WUOAH,0,0,0,0,1,0,0,1,1,1,1,1,0,0,0
1140-UKVZG,0,0,1,1,0,0,0,0,0,0,0,0,0,0,0
1142-IHLOO,0,0,1,0,1,0,0,0,0,1,1,1,0,0,0
1142-WACZW,0,0,0,0,1,0,0,0,1,0,0,0,0,0,1
1143-NMNQJ,0,0,1,1,1,0,0,0,0,0,1,0,1,0,1
1150-FTQGN,1,1,1,1,1,1,1,0,0,1,0,1,0,0,0
1150-WFARN,1,1,1,1,1,1,0,1,1,1,1,1,1,0,1
1153-GNOLC,0,0,0,0,1,0,1,0,0,1,0,1,1,0,0
1154-HYWWO,0,0,1,0,1,1,1,0,1,1,0,1,0,0,0
1156-ZFYDO,0,0,1,0,0,0,0,0,0,0,0,0,0,0,0
1157-BQCUW,0,0,1,1,1,0,0,0,0,0,0,0,1,0,1
1159-WFSGR,1,1,1,0,0,0,0,0,0,0,0,0,0,0,0
1162-ECVII,1,0,1,1,1,0,1,1,1,1,1,1,1,0,0
1163-ONYEY,1,1,1,1,1,1,1,1,0,1,0,0,1,0,0
1163-VIPRI,1,1,1,1,1,1,0,1,1,1,1,1,0,0,0
1166-PQLGG,1,1,1,0,0,0,0,0,0,0,0,1,0,0,0
1167-OYZJF,1,0,1,0,0,0,0,0,0,0,0,1,1,0,0
1169-SAOCL,0,0,1,1,1,0,1,0,1,1,1,1,1,0,0
1169-WCVAK,1,0,1,1,1,1,1,0,1,0,0,0,1,0,0
1170-SASML,1,0,1,1,1,0,1,1,0,0,0,0,1,0,0
1171-TYKUR,1,0,1,1,0,0,0,0,0,0,0,0,0,0,0
1172-VIYBP,1,1,1,1,1,1,1,0,0,0,1,1,0,0,0
1173-NOEYG,1,0,1,1,1,0,0,1,0,0,1,0,0,0,0
1173-XZPYF,0,0,1,1,1,0,0,1,0,1,0,0,1,0,0
1174-FGIFN,1,1,1,1,1,0,0,0,1,0,1,1,1,0,0
1177-XZBJL,1,1,1,1,1,1,1,0,1,0,0,1,0,0,0
1178-PZGAB,0,0,1,0,0,0,0,0,0,0,0,1,0,0,0
1179-INLAT,0,0,1,0,0,0,0,0,0,0,0,1,1,0,0
1183-CANVH,1,0,1,0,1,0,0,0,1,1,0,1,0,0,0
1184-PJVDB,1,0,1,0,1,0,0,0,0,1,0,0,1,0,1
1187-WILMM,1,1,1,1,1,1,1,1,1,1,1,1,1,0,0
1193-RTSLK,0,0,1,0,1,1,1,1,0,0,0,0,1,0,1
1194-BHJYC,1,0,0,0,1,1,0,1,1,1,1,1,1,0,0
1194-HVAIF,1,0,1,1,1,0,0,0,0,1,1,0,0,0,0
1194-SPVSP,0,0,1,0,0,0,0,0,0,0,0,0,0,0,0
1195-OIYEJ,0,0,1,0,1,0,0,0,0,1,1,0,1,0,1
1196-AMORA,0,0,1,1,1,0,0,0,0,0,0,0,0,0,1
1197-BVMVG,0,0,1,1,1,0,0,0,0,0,0,0,1,0,0
1200-TUZHR,0,0,1,1,1,0,0,0,0,0,1,0,0,0,0
1202-KKGFU,1,0,1,0,1,1,0,0,1,0,0,0,0,0,0
1205-WNWPJ,0,0,1,0,1,0,0,0,1,1,0,0,1,0,1
1206-EHBDD,1,0,1,0,1,1,0,1,0,0,0,1,0,0,0
1207-BLKSA,1,1,1,1,0,0,0,0,0,0,0,1,0,0,0
1208-DNHLN,1,1,1,1,1,0,0,0,0,0,0,1,1,0,1
1208-NBVFH,1,1,1,0,1,0,0,1,0,0,0,0,1,0,0
1209-VFFOC,1,1,0,0,1,1,1,1,1,0,1,1,1,0,0
1212-GLHMD,0,0,1,0,1,1,0,0,0,0,1,0,1,0,0
1213-NGCUN,0,0,1,0,1,0,0,0,1,0,0,0,1,0,1
1215-EXRMO,1,0,1,0,0,0,0,0,0,0,0,1,0,0,0
1215-FIGMP,0,0,1,1,1,0,1,0,0,1,0,0,1,0,0
1215-VFYVK,0,0,0,0,1,1,0,1,1,0,1,0,0,0,0
1216-BGTSP,0,0,1,1,1,1,0,1,1,1,1,0,1,0,0
1216-JWVUX,1,1,1,0,1,0,1,0,0,0,0,0,1,0,0
1217-VASWC,1,0,1,0,1,0,1,1,0,1,1,1,1,0,0
1218-VKFPE,1,1,1,0,0,0,0,0,0,0,0,0,0,0,1
1219-NNDDO,0,0,1,1,1,0,0,0,0,0,0,0,1,0,0
1221-GHZEP,0,0,1,0,1,1,0,0,1,0,1,1,1,0,0
1222-KJNZD,1,1,1,0,0,0,0,0,0,0,0,0,1,0,0
1222-LRYKO,0,1,1,1,0,0,0,0,0,0,0,0,0,0,0
1223-UNPKS,1,1,1,0,0,0,0,0,0,0,0,1,0,0,0
1226-IENZN,0,0,1,0,1,0,0,0,0,0,1,0,1,0,0
1226-JZNKR,1,1,1,0,0,0,0,0,0,0,0,1,0,0,0
1226-UDFZR,0,0,1,0,1,0,1,0,0,0,0,0,1,0,1
1227-UDMZR,1,0,1,1,1,1,1,1,1,1,1,1,1,0,0
1228-FZFRV,1,1,1,1,1,1,0,1,0,1,1,0,0,0,1
1228-ZLNBX,0,0,1,1,1,0,0,0,0,0,0,0,0,0,0
1229-RCALF,1,0,1,1,1,1,1,1,1,1,1,1,1,0,0
1230-QAJDW,0,0,1,1,1,0,0,0,1,1,0,0,1,0,0
1231-YNDEK,0,0,1,0,0,0,0,0,0,0,0,1,1,0,0
1236-WFCDV,0,0,1,0,1,0,0,0,0,1,1,0,0,0,1
1237-WIYYZ,0,0,1,0,0,0,0,0,0,0,0,0,1,0,0
1240-HCBOH,0,0,1,1,0,0,0,0,0,0,0,1,1,0,0
1240-KNSEZ,0,0,1,0,0,0,0,0,0,0,0,0,1,0,1
1241-EZFMJ,1,0,1,1,0,0,0,0,0,0,0,1,0,0,0
1241-FPMOF,0,0,1,0,0,0,0,0,0,0,0,1,0,0,0
1245-HARPS,1,0,1,0,0,0,0,0,0,0,0,1,0,0,0
1247-QBVSH,1,1,1,0,1,0,1,0,0,0,0,0,0,0,0
1248-DYXUB,1,1,1,1,0,0,0,0,0,0,0,1,0,0,0
1251-KRREG,0,0,1,1,1,0,1,0,0,0,0,0,1,0,1
1251-STYSZ,0,0,1,1,1,1,0,0,0,0,0,0,1,0,0
1254-IZEYF,0,0,1,1,1,0,1,0,0,1,1,0,1,0,1
1257-SXUXQ,1,1,1,0,0,0,0,0,0,0,0,0,0,0,0
1258-YMZNM,0,0,1,1,1,1,1,1,0,1,1,1,1,0,0
1260-TTRXI,0,0,1,0,1,0,0,0,0,0,1,0,0,0,1
1261-FWTTE,0,0,0,0,1,0,0,0,0,0,1,0,1,0,0
1262-OPMFY,1,0,1,0,1,0,0,1,0,0,0,0,1,0,1
1264-BYWMS,0,0,1,1,1,0,0,0,0,1,1,0,1,0,1
1264-FUHCX,1,0,0,0,1,0,1,0,1,1,1,1,1,0,0
1265-BCFEO,1,0,1,1,1,0,0,1,1,1,1,1,1,0,0
1265-HVPZB,1,0,1,0,1,1,1,1,0,1,0,1,0,0,0
1265-XTECC,1,0,1,1,1,1,1,0,0,0,1,1,1,0,1
1265-ZFOSD,1,0,1,1,1,1,1,1,1,0,1,1,1,0,0
1266-NZYUI,1,1,1,1,1,1,0,1,1,0,0,1,0,0,0
1268-ASBGA,1,0,1,1,1,0,0,0,0,0,1,0,1,0,1
1269-FOYWN,1,1,1,0,0,0,0,0,0,0,0,1,0,0,0
1270-XKUCC,1,1,1,0,0,0,0,0,0,0,0,1,0,0,0
1271-SJBGZ,0,0,0,0,1,0,0,1,1,0,1,0,1,0,1
1271-UODNO,0,0,1,1,1,0,0,0,1,0,0,1,1,0,0
1272-ILHFG,1,1,1,0,0,0,0,0,0,0,0,1,0,0,0
1273-MTETI,0,0,1,1,1,0,0,1,0,0,1,0,1,0,1
1282-IHQAC,0,0,0,0,1,0,1,1,0,1,0,1,1,0,0
1285-OKIPP,0,0,1,0,1,0,0,0,0,0,1,0,0,0,1
1291-CUOCY,1,0,1,1,1,0,1,1,1,1,1,1,1,0,0
1293-BSEUN,1,1,1,0,0,0,0,0,0,0,0,1,1,0,0
1293-HHSHJ,0,0,1,0,0,0,0,0,0,0,0,1,0,0,0
1297-VQDRP,1,1,1,1,1,0,0,1,1,1,1,1,1,0,0
1298-PHBTI,1,1,1,1,1,0,1,0,1,0,0,1,1,0,0
1299-AURJA,1,1,1,1,0,0,0,0,0,0,0,1,0,0,0
1301-LOPVR,1,1,0,0,1,1,1,1,1,0,1,1,1,0,0
1302-TPUBN,0,0,1,0,0,0,0,0,0,0,0,1,0,0,0
1302-UHBDD,0,0,1,0,1,0,0,0,0,1,1,0,0,0,0
1303-SRDOK,1,1,1,0,1,0,0,0,0,0,0,1,1,0,0
1304-BCCFO,1,0,1,0,1,0,0,1,0,1,1,0,1,0,0
1304-NECVQ,0,0,1,1,1,0,0,1,0,0,0,0,1,0,1
1304-SEGFY,1,0,1,1,1,0,0,1,0,1,1,1,1,0,0
1306-RPWXZ,0,1,1,0,0,0,0,0,0,0,0,1,0,0,0
1307-ATKGB,0,0,1,0,1,0,1,1,0,0,1,0,1,0,0
1307-TVUFB,0,0,1,1,1,0,1,0,0,0,0,0,1,0,0
1309-BXVOQ,1,0,1,1,1,0,0,1,1,1,1,0,1,0,1
1309-XGFSN,1,1,1,1,1,0,1,1,0,1,1,1,1,0,0
1310-QRITU,0,0,1,1,1,0,0,0,0,0,0,0,1,0,0
1319-YLZJG,1,0,1,0,1,1,1,1,0,0,0,0,1,0,0
1320-GVNHT,1,1,1,1,1,1,1,1,0,1,1,1,1,0,0
1320-HTRDR,0,0,1,1,1,0,0,0,0,0,0,0,1,0,1
1320-REHCS,0,0,1,1,1,0,1,1,1,1,1,0,1,0,0
1322-AGOQM,0,0,0,0,1,0,1,0,0,0,0,0,0,0,1
1323-OOEPC,1,0,1,1,1,0,1,0,0,1,1,0,1,0,1
1324-NLTJE,0,0,1,1,1,0,0,0,1,0,0,0,0,0,1
1325-USMEC,1,0,1,1,1,1,1,1,0,1,0,1,1,0,0
1328-EUZHC,1,0,1,0,0,0,0,0,0,0,0,1,0,0,0
1329-VHWNP,0,0,0,0,1,0,0,0,0,0,0,0,0,0,0
1333-PBMXB,1,1,1,1,0,0,0,0,0,0,0,1,1,0,0
1334-FJSVR,0,0,0,0,1,0,0,0,0,0,0,0,1,0,1
1334-PDUKM,1,0,1,1,1,0,1,1,0,0,0,1,0,0,0
1335-HQMKX,1,0,1,1,1,0,1,1,0,1,1,1,1,0,0
1335-MXCSE,1,1,1,0,1,0,0,1,1,0,0,1,1,0,0
1335-NTIUC,0,0,0,0,1,0,0,0,0,0,0,0,1,0,0
1336-EZFZY,0,0,1,0,0,0,0,0,0,0,0,0,0,0,0
1337-BOZWO,1,1,0,0,1,0,1,1,0,1,0,1,0,0,0
1338-CECEE,1,1,1,1,1,0,1,1,0,1,0,1,0,0,0
1342-JPNKI,0,0,1,1,1,0,0,0,0,1,0,0,1,0,1
1343-EHPYB,1,0,1,1,1,0,1,1,0,1,1,0,1,0,1
1345-GKDZZ,0,1,1,0,0,0,0,0,0,0,0,0,0,0,0
1345-ZUKID,0,0,1,0,0,0,0,0,0,0,0,1,0,0,0
1346-PJWTK,1,0,1,0,1,0,1,1,1,0,1,0,0,0,0
1346-UFHAX,0,0,1,1,1,1,0,0,0,0,0,0,1,0,0
1347-KTTTA,1,0,1,0,1,0,1,1,1,1,1,1,1,0,0
1349-WXNGG,0,0,1,0,0,0,0,0,0,0,0,0,0,0,1
1352-HNSAW,1,1,1,1,1,1,1,1,1,1,1,1,1,0,0
1352-VHKAJ,1,1,1,1,1,0,0,0,1,1,1,0,0,0,0
1353-GHZOS,1,0,1,0,1,1,0,0,0,1,0,1,1,0,0
1353-LJWEM,0,0,1,0,1,0,1,1,1,0,0,0,1,0,0
1354-YZFNB,1,1,1,0,0,0,0,0,0,0,0,1,0,0,0
1355-KUSBG,1,1,1,1,1,0,0,0,0,0,0,0,0,0,0
1356-MKYSK,0,0,1,0,1,1,0,1,1,1,1,0,0,0,0
1357-BIJKI,1,0,1,1,1,0,1,0,0,1,1,1,1,0,0
1357-MVDOZ,1,1,1,0,1,0,0,1,0,1,0,0,1,0,0
1360-JYXKQ,1,0,1,0,1,0,0,1,1,1,1,1,1,0,0
1360-RCYRT,1,1,0,0,1,0,0,0,1,0,0,0,1,0,0
1360-XFJMR,1,0,1,1,1,0,1,1,1,1,1,1,1,0,0
1363-TXLSL,1,0,1,0,1,0,0,0,0,0,0,0,1,0,1
1370-GGAWX,0,0,1,1,1,0,1,1,0,0,1,1,1,0,0
1371-OJCEK,0,0,1,1,0,0,0,0,0,0,0,1,0,0,0
1371-WEPDS,1,0,1,0,1,0,0,0,0,0,1,1,0,0,0
1373-ORVIZ,1,1,1,1,1,0,0,0,1,0,1,0,1,0,1
1374-DMZUI,0,0,1,1,1,0,0,0,0,1,1,0,1,0,1
1376-HHBDV,0,0,1,0,1,1,0,0,0,0,0,0,1,0,0
1379-FRVEB,0,1,1,1,1,0,1,0,0,1,0,0,1,0,0
1383-EZRWL,0,0,1,0,0,0,0,0,0,0,0,0,0,0,1
1384-RCUXW,0,0,1,1,1,0,1,0,0,0,0,0,1,0,0
1385-TQOZW,0,0,1,0,0,0,0,0,0,0,0,0,1,0,0
1386-ZIKUV,0,0,1,0,0,0,0,0,0,0,0,0,1,0,0
1389-CXMLU,0,0,1,1,1,0,0,1,0,1,0,0,0,0,1
1389-WNUIB,1,1,1,1,1,1,0,0,0,1,1,1,0,0,0
1391-UBDAR,0,0,1,0,1,0,0,1,0,0,0,0,0,0,0
1393-IMKZG,0,0,1,0,1,0,0,0,1,1,1,0,1,0,0
1394-SUIUH,1,0,1,0,1,1,1,0,1,0,0,0,1,0,0
1395-OFUWC,1,1,0,0,1,0,1,0,0,0,0,0,0,0,0
1395-WSWXR,0,0,1,0,0,0,0,0,0,0,0,1,0,0,0
1396-QWFBJ,1,1,1,0,1,0,1,0,0,0,0,0,1,0,1
1397-XKKWR,0,0,0,0,1,1,0,1,0,0,0,1,0,0,0
1399-OUPJN,1,1,1,0,0,0,0,0,0,0,0,1,0,0,0
1399-UBQIU,0,0,1,0,1,0,0,1,0,1,1,0,1,0,0
1400-MMYXY,1,0,1,1,1,0,1,1,0,1,1,0,1,0,1
1400-WIVLL,1,0,1,1,1,0,0,1,1,1,1,1,0,0,0
1401-FTHFQ,1,1,1,0,0,0,0,0,0,0,0,1,1,0,0
1402-PTHGN,1,1,1,0,1,1,1,0,1,0,0,1,1,0,0
1403-GYAFU,1,1,1,0,0,0,0,0,0,0,0,1,0,0,0
1403-LKLIK,1,1,1,0,0,0,0,0,0,0,0,1,0,0,0
1406-PUQVY,0,1,1,0,1,0,1,0,0,0,0,0,1,0,0
1407-DIGZV,1,1,1,0,0,0,0,0,0,0,0,1,0,0,0
1409-PHXTF,1,0,1,1,1,0,1,1,1,1,1,1,1,0,0
1410-RSCMR,1,1,1,0,1,1,0,1,1,0,1,0,1,0,0
1414-YADCW,1,0,1,0,1,1,1,0,1,0,0,1,0,0,0
1415-YFWLT,0,0,1,0,1,0,0,0,0,1,1,0,1,0,1
1421-HCERK,1,0,1,1,1,1,1,1,1,1,0,0,1,0,0
1422-DGUBX,1,0,1,1,1,0,0,0,1,0,0,1,1,0,0
1423-BMPBQ,1,1,1,0,0,0,0,0,0,0,0,0,1,0,0
1427-VERSM,1,0,1,0,1,0,0,1,1,1,1,0,1,0,0
1428-GTBJJ,0,0,1,0,1,0,1,0,0,0,0,0,1,0,1
1428-IEDPR,0,0,1,1,1,1,0,1,1,1,1,1,1,0,0
1429-UYJSV,0,0,1,0,0,0,0,0,0,0,0,1,0,0,0
1430-SFQSA,0,0,0,0,1,1,0,0,1,0,0,1,0,0,0
1431-AIDJQ,1,1,1,0,1,0,1,1,1,1,1,1,0,0,0
1431-CYWMH,1,1,1,0,0,0,0,0,0,0,0,0,0,0,0
1432-FPAXX,0,0,0,0,1,0,1,0,0,0,0,0,1,0,1
1436-ZMJAN,1,0,1,0,1,0,0,1,0,1,1,0,1,0,0
1439-LCGVL,1,0,1,0,0,0,0,0,0,0,0,1,0,0,0
1442-BQPVU,0,0,0,0,1,0,1,0,0,0,0,0,0,0,0
1442-OKRJE,1,1,1,0,1,1,1,1,0,1,1,1,1,0,0
1444-VVSGW,1,0,1,1,1,1,1,1,1,1,1,1,0,0,1
1447-GIQMR,1,0,1,0,1,0,0,0,0,0,0,0,1,0,1
1447-PJGGA,0,0,1,0,1,0,0,1,0,1,1,1,1,0,1
1448-CYWKC,1,1,1,1,1,0,1,1,0,1,1,1,1,0,0
1448-PWKYE,1,1,1,0,1,0,0,0,0,0,1,0,0,0,1
1449-XQEMT,0,0,1,0,0,0,0,0,0,0,0,0,1,0,1
1450-GALXR,0,0,1,1,1,0,0,0,1,1,1,0,1,0,1
